<?xml version="1.0" encoding="utf-8"?>
<!--Created using XmlSitemapGenerator.org - Free HTML, RSS and XML sitemap generator-->
<rss version="2.0">
  <channel>
    <title>About Our Practice</title>
    <link>http://www.ranjandentalclinic.com</link>
    <description />
    <item>
      <guid>http://www.ranjandentalclinic.com/</guid>
      <title>About Our Practice</title>
      <link>http://www.ranjandentalclinic.com/</link>
      <description>Our number one goal is to make sure every one of our patients leaves 100% happy and with a bright, white smile on their face!</description>
    </item>
  </channel>
</rss>
<!--<guid value="e934a0e7-65b6-4c8b-9fee-c5c45fbdc16b" />-->
<!--Created using XmlSitemapGenerator.org - Free HTML, RSS and XML sitemap generator-->